shipment_id,carrier_id,route_id,origin,destination,ship_date,expected_delivery,actual_delivery,status,weight_kg,freight_charge_aed
1001,2,1,Dubai,Riyadh,2024-05-20,2024-05-22,2024-05-22,Delivered,186.3,808.04
1002,3,2,Dubai,Kuwait City,2024-09-15,2024-09-17,2024-09-20,Delayed,230.0,200
1003,1,13,Sharjah,Muscat,2024-03-22,2024-03-23,2024-03-24,Delivered,343.9,548.88
1004,8,5,Dubai,Manama,2024-05-15,2024-05-17,2024-05-16,Delivered,3675.7,2229.39
1005,8,5,Dubai,Manama,2024-04-08,2024-04-10,2024-04-09,Delivered,324.5,200
1006,8,2,Dubai,Kuwait City,2024-07-08,2024-07-10,2024-07-11,Delivered,1126.6,670.62
1007,7,8,Dubai,Colombo,2024-07-13,2024-07-17,2024-07-18,Delivered,791.7,10023.16
1008,1,13,Sharjah,Muscat,2024-06-10,2024-06-11,2024-06-11,Delivered,221.5,345.92
1009,6,8,Dubai,Colombo,2024-05-15,2024-05-19,2024-05-20,Delivered,4076.1,2802.02
1010,7,9,Dubai,Nairobi,2024-09-09,2024-09-14,2024-09-14,Delivered,607.1,11203.25
1011,6,10,Dubai,Dar es Salaam,2024-10-10,2024-10-16,2024-10-15,Delivered,10364.1,9623.94
1012,7,8,Dubai,Colombo,2024-01-02,2024-01-06,2024-01-07,Delivered,777.8,10192.95
1013,3,2,Dubai,Kuwait City,2024-07-10,2024-07-12,2024-07-12,Delivered,2743.0,1902.26
1014,5,2,Dubai,Kuwait City,2024-01-30,2024-02-01,2024-02-02,Delivered,4402.2,3195.18
1015,7,11,Dubai,Addis Ababa,2024-08-31,2024-09-05,2024-09-05,Delivered,219.4,3622.12
1016,5,4,Dubai,Muscat,2024-12-09,2024-12-10,2024-12-12,Delayed,2246.7,722.73
1017,3,1,Dubai,Riyadh,2024-02-06,2024-02-08,2024-02-07,Delivered,1221.8,986.69
1018,7,12,Abu Dhabi,Riyadh,2024-10-19,2024-10-21,2024-10-22,Delivered,202.0,856.55
1019,1,11,Dubai,Addis Ababa,2024-11-30,2024-12-05,2024-12-06,Delivered,87.8,1265.74
1020,4,3,Dubai,Doha,2024-05-22,2024-05-23,2024-05-28,Delayed,4122.2,696.85
1021,1,2,Dubai,Kuwait City,2024-05-01,2024-05-03,2024-05-02,Delivered,331.1,1185.29
1022,6,10,Dubai,Dar es Salaam,2024-08-04,2024-08-10,2024-08-17,Delayed,10097.1,10559.56
1023,8,1,Dubai,Riyadh,2024-01-26,2024-01-28,2024-01-31,Delayed,2436.3,1974.83
1024,2,11,Dubai,Addis Ababa,2024-04-30,2024-05-05,2024-05-07,Delayed,104.7,1736.84
1025,8,3,Dubai,Doha,2024-04-14,2024-04-15,2024-04-16,Delivered,1269.6,590.36
1026,6,7,Dubai,Karachi,2024-02-07,2024-02-09,2024-02-16,Delayed,3590.7,1251.66
1027,5,5,Dubai,Manama,2024-11-30,2024-12-02,2024-12-06,Delayed,138.3,200
1028,2,12,Abu Dhabi,Riyadh,2024-10-10,2024-10-12,2024-10-12,Delivered,225.2,993.01
1029,1,2,Dubai,Kuwait City,2024-11-20,2024-11-22,2024-11-22,Delivered,665.2,2067.18
1030,4,9,Dubai,Nairobi,2024-01-05,2024-01-10,2024-01-09,Delivered,1591.0,1640.82
1031,7,1,Dubai,Riyadh,2024-06-06,2024-06-08,2024-06-09,Delivered,720.2,3175.93
1032,4,10,Dubai,Dar es Salaam,2024-03-20,2024-03-26,2024-03-27,Delivered,13036.8,15644.22
1033,4,13,Sharjah,Muscat,2024-12-08,2024-12-09,2024-12-10,Delivered,4368.7,450.81
1034,6,11,Dubai,Addis Ababa,2024-06-05,2024-06-10,2024-06-12,Delayed,3732.4,3227.06
1035,4,11,Dubai,Addis Ababa,2024-10-01,2024-10-06,2024-10-09,Delayed,14118.9,10303.93
1036,4,6,Dubai,Mumbai,2024-06-09,2024-06-12,2024-06-16,Delayed,9290.0,4521.09
1037,3,3,Dubai,Doha,2024-08-08,2024-08-09,2024-08-08,Delivered,4749.5,2567.54
1038,4,6,Dubai,Mumbai,2024-07-25,2024-07-28,2024-07-30,Delayed,8539.0,3758.55
1039,4,9,Dubai,Nairobi,2024-01-01,2024-01-06,2024-01-08,Delayed,4660.2,4220.02
1040,6,8,Dubai,Colombo,2024-12-03,2024-12-07,2024-12-07,Delivered,4614.9,3268.18
1041,3,2,Dubai,Kuwait City,2024-01-13,2024-01-15,2024-01-14,Delivered,1299.7,825.6
1042,4,8,Dubai,Colombo,2024-07-23,2024-07-27,2024-07-28,Delivered,2639.8,1882.16
1043,6,6,Dubai,Mumbai,2024-10-12,2024-10-15,2024-10-17,Delayed,13803.3,5934.14
1044,6,14,Dubai,Dhaka,2024-10-07,2024-10-12,2024-10-18,Delayed,13509.5,14497.0
1045,6,9,Dubai,Nairobi,2024-05-20,2024-05-25,2024-05-31,Delayed,1623.5,1405.2
1046,7,12,Abu Dhabi,Riyadh,2024-04-19,2024-04-21,2024-04-21,Delivered,337.7,1370.42
1047,1,14,Dubai,Dhaka,2024-10-21,2024-10-26,2024-10-26,Delivered,386.8,7887.16
1048,3,4,Dubai,Muscat,2024-04-22,2024-04-23,2024-04-24,Delivered,2235.6,614.31
1049,7,10,Dubai,Dar es Salaam,2024-09-30,2024-10-06,2024-10-06,Delivered,726.5,14109.38
1050,5,4,Dubai,Muscat,2024-06-16,2024-06-17,2024-06-18,Delivered,2328.0,708.64
1051,6,6,Dubai,Mumbai,2024-10-03,2024-10-06,2024-10-05,Delivered,14998.7,6946.94
1052,3,13,Sharjah,Muscat,2024-01-11,2024-01-12,2024-01-15,Delayed,846.7,228.53
1053,7,10,Dubai,Dar es Salaam,2024-11-06,2024-11-12,2024-11-12,Delivered,624.5,10612.47
1054,4,7,Dubai,Karachi,2024-04-11,2024-04-13,2024-04-12,Delivered,9085.4,3744.9
1055,1,6,Dubai,Mumbai,2024-09-29,2024-10-02,2024-10-02,Delivered,532.6,4048.34
1056,8,12,Abu Dhabi,Riyadh,2024-08-23,2024-08-25,2024-08-25,Delivered,2233.9,1816.84
1057,4,14,Dubai,Dhaka,2024-10-30,2024-11-04,2024-11-06,Delayed,5173.4,4778.4
1058,4,6,Dubai,Mumbai,2024-01-15,2024-01-18,2024-01-23,Delayed,12838.8,5632.48
1059,5,5,Dubai,Manama,2024-01-06,2024-01-08,2024-01-12,Delayed,4745.5,2493.33
1060,6,15,Dubai,Mombasa,2024-01-09,2024-01-15,2024-01-15,Delivered,4766.4,4513.96
1061,8,3,Dubai,Doha,2024-12-25,2024-12-26,2024-12-28,Delayed,1427.5,634.1
1062,7,4,Dubai,Muscat,2024-04-20,2024-04-21,2024-04-22,Delivered,228.4,422.17
1063,8,2,Dubai,Kuwait City,2024-06-03,2024-06-05,2024-06-04,Delivered,3569.3,2028.45
1064,6,7,Dubai,Karachi,2024-01-07,2024-01-09,2024-01-12,Delayed,7306.3,2690.93
1065,4,8,Dubai,Colombo,2024-02-07,2024-02-11,2024-02-09,Delivered,2700.0,1992.62
1066,3,13,Sharjah,Muscat,2024-09-24,2024-09-25,2024-09-27,Delayed,2307.5,689.43
1067,2,13,Sharjah,Muscat,2024-04-16,2024-04-17,2024-04-17,Delivered,219.1,327.59
1068,6,10,Dubai,Dar es Salaam,2024-01-17,2024-01-23,2024-01-25,Delayed,4677.5,4591.23
1069,3,4,Dubai,Muscat,2024-02-28,2024-02-29,2024-03-03,Delayed,1201.6,344.02
1070,5,4,Dubai,Muscat,2024-03-04,2024-03-05,2024-03-08,Delayed,3474.5,1178.46
1071,4,12,Abu Dhabi,Riyadh,2024-06-14,2024-06-16,2024-06-18,Delayed,875.0,200
1072,5,5,Dubai,Manama,2024-01-21,2024-01-23,2024-01-24,Delivered,2405.5,1508.9
1073,2,8,Dubai,Colombo,2024-06-27,2024-07-01,2024-07-03,Delayed,273.3,3490.08
1074,1,8,Dubai,Colombo,2024-02-15,2024-02-19,2024-02-19,Delivered,209.4,2251.06
1075,6,14,Dubai,Dhaka,2024-01-28,2024-02-02,2024-02-04,Delayed,8017.4,8312.36
1076,5,4,Dubai,Muscat,2024-12-23,2024-12-24,2024-12-27,Delayed,695.0,253.97
1077,2,4,Dubai,Muscat,2024-02-28,2024-02-29,2024-03-02,Delayed,758.2,1425.24
1078,6,15,Dubai,Mombasa,2024-05-04,2024-05-10,2024-05-16,Delayed,8493.3,7991.76
1079,4,6,Dubai,Mumbai,2024-09-16,2024-09-19,2024-09-21,Delayed,12398.0,5621.29
1080,6,11,Dubai,Addis Ababa,2024-06-19,2024-06-24,2024-07-01,Delayed,11561.7,9187.04
1081,4,1,Dubai,Riyadh,2024-06-11,2024-06-13,2024-06-18,Delayed,10725.8,2638.76
1082,1,3,Dubai,Doha,2024-09-14,2024-09-15,2024-09-16,Delivered,272.3,647.07
1083,7,2,Dubai,Kuwait City,2024-08-28,2024-08-30,2024-08-31,Delivered,277.5,1056.75
1084,8,12,Abu Dhabi,Riyadh,2024-09-06,2024-09-08,2024-09-11,Delayed,275.9,200
1085,2,13,Sharjah,Muscat,2024-11-20,2024-11-21,2024-11-20,Delivered,360.5,652.33
1086,7,4,Dubai,Muscat,2024-09-28,2024-09-29,2024-09-30,Delivered,457.1,894.98
1087,7,4,Dubai,Muscat,2024-08-24,2024-08-25,2024-08-26,Delivered,373.1,705.19
1088,8,5,Dubai,Manama,2024-06-02,2024-06-04,2024-06-06,Delayed,3482.5,2062.44
1089,8,5,Dubai,Manama,2024-05-31,2024-06-02,2024-06-03,Delivered,207.5,200
1090,6,10,Dubai,Dar es Salaam,2024-04-27,2024-05-03,2024-05-07,Delayed,3675.6,3500.61
1091,2,15,Dubai,Mombasa,2024-11-17,2024-11-23,2024-11-22,Delivered,254.1,4380.29
1092,7,4,Dubai,Muscat,2024-03-08,2024-03-09,2024-03-10,Delivered,429.4,868.8
1093,8,13,Sharjah,Muscat,2024-02-28,2024-02-29,2024-03-02,Delayed,4818.2,1306.87
1094,8,1,Dubai,Riyadh,2024-07-21,2024-07-23,2024-07-22,Delivered,1395.8,891.49
1095,8,1,Dubai,Riyadh,2024-12-11,2024-12-13,2024-12-13,Delivered,2410.2,1797.58
1096,6,10,Dubai,Dar es Salaam,2024-11-28,2024-12-04,2024-12-09,Delayed,2191.8,1987.49
1097,4,8,Dubai,Colombo,2024-07-08,2024-07-12,2024-07-16,Delayed,9016.4,6499.8
1098,5,1,Dubai,Riyadh,2024-12-19,2024-12-21,2024-12-23,Delayed,1164.6,824.6
1099,8,1,Dubai,Riyadh,2024-07-22,2024-07-24,2024-07-25,Delivered,1030.1,657.6
1100,1,1,Dubai,Riyadh,2024-06-19,2024-06-21,2024-06-20,Delivered,791.2,3480.23
1101,3,3,Dubai,Doha,2024-03-16,2024-03-17,2024-03-20,Delayed,113.9,200
1102,1,3,Dubai,Doha,2024-01-08,2024-01-09,2024-01-09,Delivered,634.1,1577.47
1103,2,8,Dubai,Colombo,2024-08-17,2024-08-21,2024-08-22,Delivered,415.5,4456.24
1104,5,4,Dubai,Muscat,2024-11-25,2024-11-26,2024-11-26,Delivered,398.0,200
1105,2,6,Dubai,Mumbai,2024-11-07,2024-11-10,2024-11-10,Delivered,61.9,503.91
1106,6,14,Dubai,Dhaka,2024-02-20,2024-02-25,2024-02-25,Delivered,12865.5,13447.99
1107,8,13,Sharjah,Muscat,2024-08-20,2024-08-21,2024-08-23,Delayed,2138.3,571.08
1108,2,2,Dubai,Kuwait City,2024-02-13,2024-02-15,2024-02-14,Delivered,351.2,1357.09
1109,2,7,Dubai,Karachi,2024-06-30,2024-07-02,2024-07-04,Delayed,695.8,5008.12
1110,6,9,Dubai,Nairobi,2024-02-25,2024-03-01,2024-03-05,Delayed,12757.9,11332.18
1111,1,10,Dubai,Dar es Salaam,2024-12-02,2024-12-08,2024-12-09,Delivered,221.3,3781.57
1112,4,2,Dubai,Kuwait City,2024-03-13,2024-03-15,2024-03-13,Delivered,1830.5,369.45
1113,2,15,Dubai,Mombasa,2024-01-27,2024-02-02,2024-02-02,Delivered,134.4,2442.1
1114,5,2,Dubai,Kuwait City,2024-09-19,2024-09-21,2024-09-21,Delivered,1791.3,1012.61
1115,1,1,Dubai,Riyadh,2024-04-14,2024-04-16,2024-04-16,Delivered,756.8,3310.87
1116,7,7,Dubai,Karachi,2024-09-29,2024-10-01,2024-10-01,Delivered,405.2,3008.63
1117,2,14,Dubai,Dhaka,2024-06-09,2024-06-14,2024-06-16,Delayed,463.0,8857.79
1118,6,11,Dubai,Addis Ababa,2024-02-15,2024-02-20,2024-02-25,Delayed,12745.0,9704.95
1119,8,13,Sharjah,Muscat,2024-03-27,2024-03-28,2024-03-27,Delivered,2601.4,699.25
1120,7,4,Dubai,Muscat,2024-02-22,2024-02-23,2024-02-23,Delivered,212.2,344.55
1121,6,15,Dubai,Mombasa,2024-12-14,2024-12-20,2024-12-24,Delayed,13031.6,13190.73
1122,1,6,Dubai,Mumbai,2024-09-16,2024-09-19,2024-09-18,Delivered,255.2,2195.76
1123,4,8,Dubai,Colombo,2024-10-24,2024-10-28,2024-10-26,Delivered,7021.1,5179.73
1124,2,13,Sharjah,Muscat,2024-06-24,2024-06-25,2024-06-24,Delivered,408.6,630.07
1125,8,3,Dubai,Doha,2024-07-17,2024-07-18,2024-07-20,Delayed,3894.9,1969.89
1126,4,5,Dubai,Manama,2024-05-09,2024-05-11,2024-05-11,Delivered,5333.7,1024.89
1127,2,5,Dubai,Manama,2024-10-13,2024-10-15,2024-10-17,Delayed,518.4,1659.57
1128,2,11,Dubai,Addis Ababa,2024-12-09,2024-12-14,2024-12-16,Delayed,411.7,5230.12
1129,7,3,Dubai,Doha,2024-02-09,2024-02-10,2024-02-11,Delivered,677.1,1609.42
1130,7,10,Dubai,Dar es Salaam,2024-07-11,2024-07-17,2024-07-17,Delivered,138.2,2871.62
1131,3,4,Dubai,Muscat,2024-11-08,2024-11-09,2024-11-10,Delivered,3786.7,1314.91
1132,3,3,Dubai,Doha,2024-12-13,2024-12-14,2024-12-17,Delayed,4923.8,2336.25
1133,7,14,Dubai,Dhaka,2024-05-08,2024-05-13,2024-05-13,Delivered,516.5,10340.45
1134,7,5,Dubai,Manama,2024-08-18,2024-08-20,2024-08-20,Delivered,666.5,1973.91
1135,4,9,Dubai,Nairobi,2024-07-10,2024-07-15,2024-07-16,Delivered,6099.4,4933.78
1136,7,3,Dubai,Doha,2024-01-20,2024-01-21,2024-01-22,Delivered,734.7,1967.3
1137,1,5,Dubai,Manama,2024-04-20,2024-04-22,2024-04-21,Delivered,443.6,1599.21
1138,4,11,Dubai,Addis Ababa,2024-11-14,2024-11-19,2024-11-24,Delayed,1410.7,1281.38
1139,5,4,Dubai,Muscat,2024-01-01,2024-01-02,2024-01-06,Delayed,1828.8,597.62
1140,1,7,Dubai,Karachi,2024-08-28,2024-08-30,2024-08-29,Delivered,512.2,3956.29
1141,2,13,Sharjah,Muscat,2024-10-24,2024-10-25,2024-10-26,Delivered,115.4,200
1142,6,8,Dubai,Colombo,2024-03-10,2024-03-14,2024-03-14,Delivered,10882.7,8323.42
1143,5,5,Dubai,Manama,2024-07-22,2024-07-24,2024-07-28,Delayed,2419.7,1250.0
1144,5,1,Dubai,Riyadh,2024-07-07,2024-07-09,2024-07-12,Delayed,4458.5,3444.43
1145,5,13,Sharjah,Muscat,2024-02-12,2024-02-13,2024-02-16,Delayed,486.7,200
1146,5,4,Dubai,Muscat,2024-11-04,2024-11-05,2024-11-08,Delayed,916.6,288.38
1147,1,2,Dubai,Kuwait City,2024-12-09,2024-12-11,2024-12-12,Delivered,330.9,1195.92
1148,6,6,Dubai,Mumbai,2024-03-05,2024-03-08,2024-03-08,Delivered,3921.9,1984.96
1149,8,3,Dubai,Doha,2024-08-15,2024-08-16,2024-08-15,Delivered,2912.2,1410.21
1150,6,14,Dubai,Dhaka,2024-10-14,2024-10-19,2024-10-19,Delivered,4295.8,3986.88
1151,2,3,Dubai,Doha,2024-02-07,2024-02-08,2024-02-10,Delayed,146.4,420.58
1152,2,9,Dubai,Nairobi,2024-10-04,2024-10-09,2024-10-10,Delivered,714.2,13144.89
1153,2,4,Dubai,Muscat,2024-03-12,2024-03-13,2024-03-13,Delivered,634.4,979.64
1154,2,2,Dubai,Kuwait City,2024-06-07,2024-06-09,2024-06-11,Delayed,799.7,3067.95
1155,2,8,Dubai,Colombo,2024-08-26,2024-08-30,2024-08-31,Delivered,111.4,1487.12
1156,1,14,Dubai,Dhaka,2024-03-04,2024-03-09,2024-03-10,Delivered,130.9,2119.16
1157,2,5,Dubai,Manama,2024-04-10,2024-04-12,2024-04-13,Delivered,108.9,345.8
1158,8,13,Sharjah,Muscat,2024-10-15,2024-10-16,2024-10-15,Delivered,4143.7,1081.45
1159,4,10,Dubai,Dar es Salaam,2024-11-23,2024-11-29,2024-11-27,Delivered,7721.6,8416.98
1160,5,4,Dubai,Muscat,2024-02-07,2024-02-08,2024-02-08,Delivered,874.6,272.79
1161,8,4,Dubai,Muscat,2024-03-07,2024-03-08,2024-03-09,Delivered,2623.4,740.31
1162,4,14,Dubai,Dhaka,2024-11-11,2024-11-16,2024-11-20,Delayed,4099.9,4549.22
1163,6,15,Dubai,Mombasa,2024-09-12,2024-09-18,2024-09-21,Delayed,7711.9,6594.36
1164,5,4,Dubai,Muscat,2024-11-01,2024-11-02,2024-11-05,Delayed,1500.2,409.23
1165,1,7,Dubai,Karachi,2024-01-27,2024-01-29,2024-01-30,Delivered,453.8,2936.82
1166,2,3,Dubai,Doha,2024-02-19,2024-02-20,2024-02-22,Delayed,304.8,943.14
1167,1,1,Dubai,Riyadh,2024-01-20,2024-01-22,2024-01-21,Delivered,573.7,2535.36
1168,8,2,Dubai,Kuwait City,2024-07-20,2024-07-22,2024-07-25,Delayed,3722.7,2239.03
1169,1,6,Dubai,Mumbai,2024-06-18,2024-06-21,2024-06-22,Delivered,96.6,822.2
1170,5,12,Abu Dhabi,Riyadh,2024-10-23,2024-10-25,2024-10-29,Delayed,1215.0,799.12
1171,3,1,Dubai,Riyadh,2024-10-20,2024-10-22,2024-10-21,Delivered,1034.8,731.88
1172,6,6,Dubai,Mumbai,2024-12-27,2024-12-30,2024-12-31,Delivered,8020.9,3961.19
1173,8,5,Dubai,Manama,2024-06-30,2024-07-02,2024-07-03,Delivered,3089.4,1682.51
1174,5,12,Abu Dhabi,Riyadh,2024-04-16,2024-04-18,2024-04-21,Delayed,1653.5,1199.66
1175,4,15,Dubai,Mombasa,2024-07-21,2024-07-27,2024-07-30,Delayed,14341.8,15261.11
1176,5,12,Abu Dhabi,Riyadh,2024-09-02,2024-09-04,2024-09-05,Delivered,1090.1,838.06
1177,3,1,Dubai,Riyadh,2024-12-08,2024-12-10,2024-12-13,Delayed,1205.8,798.59
1178,7,7,Dubai,Karachi,2024-11-30,2024-12-02,2024-12-03,Delivered,387.2,2377.95
1179,3,5,Dubai,Manama,2024-01-20,2024-01-22,2024-01-22,Delivered,2147.6,1419.07
1180,5,1,Dubai,Riyadh,2024-01-05,2024-01-07,2024-01-09,Delayed,2883.0,1831.22
1181,7,14,Dubai,Dhaka,2024-09-15,2024-09-20,2024-09-21,Delivered,225.5,4435.04
1182,8,13,Sharjah,Muscat,2024-05-31,2024-06-01,2024-06-04,Delayed,3404.6,939.73
1183,4,11,Dubai,Addis Ababa,2024-02-18,2024-02-23,2024-02-23,Delivered,14734.4,12073.66
1184,8,3,Dubai,Doha,2024-10-25,2024-10-26,2024-10-29,Delayed,156.0,200
1185,5,12,Abu Dhabi,Riyadh,2024-03-01,2024-03-03,2024-03-05,Delayed,1901.0,1323.77
1186,6,9,Dubai,Nairobi,2024-05-06,2024-05-11,2024-05-11,Delivered,8119.8,7574.3
1187,3,5,Dubai,Manama,2024-10-01,2024-10-03,2024-10-03,Delivered,906.2,601.54
1188,6,6,Dubai,Mumbai,2024-08-20,2024-08-23,2024-08-24,Delivered,7942.1,3802.0
1189,1,12,Abu Dhabi,Riyadh,2024-04-21,2024-04-23,2024-04-24,Delivered,67.7,282.79
1190,6,6,Dubai,Mumbai,2024-05-26,2024-05-29,2024-06-03,Delayed,3109.7,1343.25
1191,6,14,Dubai,Dhaka,2024-07-11,2024-07-16,2024-07-16,Delivered,10399.6,10904.37
1192,7,12,Abu Dhabi,Riyadh,2024-04-24,2024-04-26,2024-04-26,Delivered,607.4,2969.37
1193,6,11,Dubai,Addis Ababa,2024-03-20,2024-03-25,2024-03-28,Delayed,3233.0,2967.45
1194,1,4,Dubai,Muscat,2024-04-15,2024-04-16,2024-04-15,Delivered,89.7,200
1195,3,5,Dubai,Manama,2024-04-21,2024-04-23,2024-04-22,Delivered,786.7,541.9
1196,8,2,Dubai,Kuwait City,2024-06-03,2024-06-05,2024-06-05,Delivered,4929.9,3175.25
1197,7,11,Dubai,Addis Ababa,2024-12-13,2024-12-18,2024-12-19,Delivered,449.1,5762.57
1198,4,3,Dubai,Doha,2024-06-02,2024-06-03,2024-06-07,Delayed,3166.2,480.33
1199,1,9,Dubai,Nairobi,2024-07-30,2024-08-04,2024-08-04,Delivered,450.3,6674.48
1200,2,9,Dubai,Nairobi,2024-04-07,2024-04-12,2024-04-11,Delivered,222.1,3890.63
1201,3,4,Dubai,Muscat,2024-04-16,2024-04-17,2024-04-18,Delivered,1585.6,569.65
1202,3,12,Abu Dhabi,Riyadh,2024-11-05,2024-11-07,2024-11-07,Delivered,2043.5,1431.61
1203,8,5,Dubai,Manama,2024-09-11,2024-09-13,2024-09-15,Delayed,583.2,400.45
1204,3,12,Abu Dhabi,Riyadh,2024-03-15,2024-03-17,2024-03-16,Delivered,1377.8,1183.7
1205,3,4,Dubai,Muscat,2024-10-08,2024-10-09,2024-10-10,Delivered,1360.9,477.5
1206,7,3,Dubai,Doha,2024-10-06,2024-10-07,2024-10-08,Delivered,155.4,468.59
1207,1,13,Sharjah,Muscat,2024-01-04,2024-01-05,2024-01-05,Delivered,118.6,210.76
1208,6,15,Dubai,Mombasa,2024-01-09,2024-01-15,2024-01-14,Delivered,8217.1,7798.57
1209,4,13,Sharjah,Muscat,2024-04-01,2024-04-02,2024-04-01,Delivered,13811.7,1321.71
1210,2,6,Dubai,Mumbai,2024-07-26,2024-07-29,2024-07-31,Delayed,456.4,4570.35
1211,1,2,Dubai,Kuwait City,2024-07-26,2024-07-28,2024-07-28,Delivered,308.0,1100.82
1212,8,5,Dubai,Manama,2024-02-18,2024-02-20,2024-02-23,Delayed,4603.8,2538.34
1213,5,5,Dubai,Manama,2024-10-15,2024-10-17,2024-10-17,Delivered,978.8,649.02
1214,2,5,Dubai,Manama,2024-03-24,2024-03-26,2024-03-26,Delivered,457.7,1706.68
1215,2,9,Dubai,Nairobi,2024-06-26,2024-07-01,2024-06-30,Delivered,87.2,1335.21
1216,8,1,Dubai,Riyadh,2024-11-20,2024-11-22,2024-11-23,Delivered,3939.4,2794.29
1217,4,2,Dubai,Kuwait City,2024-11-12,2024-11-14,2024-11-16,Delayed,12071.8,2568.72
1218,8,3,Dubai,Doha,2024-02-24,2024-02-25,2024-02-24,Delivered,125.5,200
1219,4,2,Dubai,Kuwait City,2024-01-14,2024-01-16,2024-01-15,Delivered,5631.8,988.85
1220,2,12,Abu Dhabi,Riyadh,2024-10-13,2024-10-15,2024-10-15,Delivered,461.8,1778.5
1221,4,5,Dubai,Manama,2024-08-03,2024-08-05,2024-08-07,Delayed,7521.4,1231.27
1222,2,3,Dubai,Doha,2024-06-04,2024-06-05,2024-06-04,Delivered,759.6,1947.69
1223,7,5,Dubai,Manama,2024-06-13,2024-06-15,2024-06-15,Delivered,388.4,1184.08
1224,3,3,Dubai,Doha,2024-07-11,2024-07-12,2024-07-13,Delivered,4100.8,1905.16
1225,1,12,Abu Dhabi,Riyadh,2024-08-24,2024-08-26,2024-08-27,Delivered,175.6,817.73
1226,7,11,Dubai,Addis Ababa,2024-06-04,2024-06-09,2024-06-09,Delivered,209.6,2789.61
1227,4,9,Dubai,Nairobi,2024-01-19,2024-01-24,2024-01-27,Delayed,10673.7,10798.18
1228,7,11,Dubai,Addis Ababa,2024-11-09,2024-11-14,2024-11-14,Delivered,454.9,7049.18
1229,2,5,Dubai,Manama,2024-04-23,2024-04-25,2024-04-25,Delivered,362.2,1182.5
1230,2,5,Dubai,Manama,2024-07-31,2024-08-02,2024-08-01,Delivered,101.7,388.61
1231,6,7,Dubai,Karachi,2024-08-12,2024-08-14,2024-08-20,Delayed,5124.2,1806.43
1232,7,15,Dubai,Mombasa,2024-05-04,2024-05-10,2024-05-10,Delivered,446.0,7430.43
1233,4,7,Dubai,Karachi,2024-01-15,2024-01-17,2024-01-18,Delivered,7018.8,2576.42
1234,2,13,Sharjah,Muscat,2024-10-01,2024-10-02,2024-10-02,Delivered,299.0,464.83
1235,4,10,Dubai,Dar es Salaam,2024-07-19,2024-07-25,2024-07-24,Delivered,5544.9,6425.64
1236,2,11,Dubai,Addis Ababa,2024-03-09,2024-03-14,2024-03-15,Delivered,103.1,1441.64
1237,4,7,Dubai,Karachi,2024-04-05,2024-04-07,2024-04-12,Delayed,9714.8,3854.46
1238,8,13,Sharjah,Muscat,2024-08-18,2024-08-19,2024-08-22,Delayed,362.7,200
1239,6,14,Dubai,Dhaka,2024-12-16,2024-12-21,2024-12-27,Delayed,6526.6,7192.1
1240,5,2,Dubai,Kuwait City,2024-10-02,2024-10-04,2024-10-06,Delayed,924.2,583.91
1241,8,5,Dubai,Manama,2024-01-22,2024-01-24,2024-01-26,Delayed,2777.1,1911.09
1242,6,10,Dubai,Dar es Salaam,2024-06-27,2024-07-03,2024-07-03,Delivered,6866.5,8278.23
1243,4,3,Dubai,Doha,2024-11-11,2024-11-12,2024-11-12,Delivered,11880.3,1949.66
1244,5,3,Dubai,Doha,2024-10-20,2024-10-21,2024-10-23,Delayed,4766.7,2297.91
1245,1,5,Dubai,Manama,2024-12-01,2024-12-03,2024-12-02,Delivered,564.1,1694.05
1246,7,10,Dubai,Dar es Salaam,2024-11-19,2024-11-25,2024-11-26,Delivered,506.0,9205.27
1247,8,4,Dubai,Muscat,2024-09-06,2024-09-07,2024-09-08,Delivered,2951.6,1049.04
1248,2,13,Sharjah,Muscat,2024-09-30,2024-10-01,2024-10-03,Delayed,182.1,304.82
1249,6,11,Dubai,Addis Ababa,2024-12-15,2024-12-20,2024-12-19,Delivered,1166.2,998.53
1250,4,4,Dubai,Muscat,2024-12-18,2024-12-19,2024-12-19,Delivered,13291.1,1250.11
1251,7,1,Dubai,Riyadh,2024-07-21,2024-07-23,2024-07-24,Delivered,583.5,2544.12
1252,3,5,Dubai,Manama,2024-12-14,2024-12-16,2024-12-18,Delayed,145.5,200
1253,4,2,Dubai,Kuwait City,2024-02-22,2024-02-24,2024-02-23,Delivered,5043.6,1124.01
1254,7,2,Dubai,Kuwait City,2024-09-28,2024-09-30,2024-09-30,Delivered,492.2,1593.37
1255,6,9,Dubai,Nairobi,2024-02-14,2024-02-19,2024-02-19,Delivered,2530.2,2075.84
1256,2,4,Dubai,Muscat,2024-10-10,2024-10-11,2024-10-12,Delivered,625.4,1190.05
1257,4,5,Dubai,Manama,2024-11-26,2024-11-28,2024-11-26,Delivered,11865.1,2420.78
1258,1,6,Dubai,Mumbai,2024-06-11,2024-06-14,2024-06-13,Delivered,315.6,3035.37
1259,2,1,Dubai,Riyadh,2024-10-27,2024-10-29,2024-10-28,Delivered,20.9,200
1260,4,7,Dubai,Karachi,2024-12-25,2024-12-27,2024-12-31,Delayed,1695.2,642.67
1261,7,9,Dubai,Nairobi,2024-06-16,2024-06-21,2024-06-22,Delivered,473.3,8502.74
1262,3,1,Dubai,Riyadh,2024-05-05,2024-05-07,2024-05-06,Delivered,4630.7,2950.0
1263,1,12,Abu Dhabi,Riyadh,2024-03-11,2024-03-13,2024-03-14,Delivered,19.0,200
1264,5,12,Abu Dhabi,Riyadh,2024-03-01,2024-03-03,2024-03-03,Delivered,1741.6,1295.55
1265,8,1,Dubai,Riyadh,2024-09-12,2024-09-14,2024-09-17,Delayed,917.7,592.81
1266,1,1,Dubai,Riyadh,2024-01-07,2024-01-09,2024-01-08,Delivered,46.3,200
1267,4,4,Dubai,Muscat,2024-06-13,2024-06-14,2024-06-15,Delivered,6535.7,696.76
1268,7,4,Dubai,Muscat,2024-09-21,2024-09-22,2024-09-22,Delivered,763.7,1196.89
1269,1,6,Dubai,Mumbai,2024-04-12,2024-04-15,2024-04-15,Delivered,455.4,3741.77
1270,3,12,Abu Dhabi,Riyadh,2024-10-06,2024-10-08,2024-10-08,Delivered,837.8,719.32
1271,8,1,Dubai,Riyadh,2024-12-02,2024-12-04,2024-12-06,Delayed,4260.1,3276.35
1272,7,12,Abu Dhabi,Riyadh,2024-05-23,2024-05-25,2024-05-25,Delivered,44.7,200
1273,2,9,Dubai,Nairobi,2024-03-09,2024-03-14,2024-03-16,Delayed,69.1,1173.92
1274,4,12,Abu Dhabi,Riyadh,2024-06-16,2024-06-18,2024-06-21,Delayed,7065.0,1543.84
1275,6,15,Dubai,Mombasa,2024-06-09,2024-06-15,2024-06-20,Delayed,2250.7,2101.14
1276,5,13,Sharjah,Muscat,2024-12-26,2024-12-27,2024-12-31,Delayed,297.6,200
1277,5,3,Dubai,Doha,2024-03-30,2024-03-31,2024-03-31,Delivered,4765.3,2530.67
1278,2,1,Dubai,Riyadh,2024-02-01,2024-02-03,2024-02-03,Delivered,113.3,503.42
1279,2,1,Dubai,Riyadh,2024-02-03,2024-02-05,2024-02-05,Delivered,723.0,2878.46
1280,6,6,Dubai,Mumbai,2024-03-27,2024-03-30,2024-04-04,Delayed,12414.4,5831.32
1281,5,4,Dubai,Muscat,2024-03-17,2024-03-18,2024-03-18,Delivered,3109.1,1029.83
1282,4,3,Dubai,Doha,2024-08-02,2024-08-03,2024-08-04,Delivered,9818.5,1604.09
1283,8,4,Dubai,Muscat,2024-10-05,2024-10-06,2024-10-08,Delayed,1785.8,582.71
1284,5,1,Dubai,Riyadh,2024-08-29,2024-08-31,2024-09-04,Delayed,1851.4,1366.6
1285,1,13,Sharjah,Muscat,2024-04-22,2024-04-23,2024-04-24,Delivered,678.7,1264.12
1286,8,5,Dubai,Manama,2024-01-15,2024-01-17,2024-01-18,Delivered,4743.0,2900.1
1287,5,2,Dubai,Kuwait City,2024-09-08,2024-09-10,2024-09-10,Delivered,542.3,319.23
1288,7,6,Dubai,Mumbai,2024-03-31,2024-04-03,2024-04-04,Delivered,57.0,445.02
1289,2,6,Dubai,Mumbai,2024-12-26,2024-12-29,2024-12-31,Delayed,473.0,3926.82
1290,6,11,Dubai,Addis Ababa,2024-03-30,2024-04-04,2024-04-11,Delayed,10556.6,9829.66
1291,5,2,Dubai,Kuwait City,2024-03-31,2024-04-02,2024-04-02,Delivered,4749.1,3448.56
1292,3,12,Abu Dhabi,Riyadh,2024-10-16,2024-10-18,2024-10-17,Delivered,4689.8,3180.0
1293,2,14,Dubai,Dhaka,2024-12-28,2025-01-02,,In Transit,362.8,6070.42
1294,4,8,Dubai,Colombo,2024-08-02,2024-08-06,2024-08-06,Delivered,13326.0,8976.38
1295,3,2,Dubai,Kuwait City,2024-08-19,2024-08-21,2024-08-20,Delivered,4016.1,2210.52
1296,7,12,Abu Dhabi,Riyadh,2024-02-08,2024-02-10,2024-02-10,Delivered,277.0,1356.57
1297,4,3,Dubai,Doha,2024-01-28,2024-01-29,2024-01-28,Delivered,5300.9,908.3
1298,5,2,Dubai,Kuwait City,2024-02-19,2024-02-21,2024-02-21,Delivered,2025.2,1315.44
1299,6,9,Dubai,Nairobi,2024-02-19,2024-02-24,2024-02-23,Delivered,3500.8,3372.49
1300,5,1,Dubai,Riyadh,2024-11-24,2024-11-26,2024-11-30,Delayed,1998.9,1383.52
1301,5,5,Dubai,Manama,2024-02-01,2024-02-03,2024-02-04,Delivered,3786.0,2385.73
1302,1,14,Dubai,Dhaka,2024-07-17,2024-07-22,2024-07-23,Delivered,340.7,6197.94
1303,1,9,Dubai,Nairobi,2024-10-19,2024-10-24,2024-10-25,Delivered,642.4,11265.63
1304,3,13,Sharjah,Muscat,2024-04-08,2024-04-09,2024-04-09,Delivered,309.1,200
1305,8,12,Abu Dhabi,Riyadh,2024-02-04,2024-02-06,2024-02-05,Delivered,2001.7,1474.45
1306,4,2,Dubai,Kuwait City,2024-07-31,2024-08-02,2024-08-02,Delivered,2648.9,543.76
1307,5,13,Sharjah,Muscat,2024-10-01,2024-10-02,2024-10-04,Delayed,4401.7,1243.43
1308,4,1,Dubai,Riyadh,2024-07-21,2024-07-23,2024-07-26,Delayed,10512.4,2045.47
1309,5,3,Dubai,Doha,2024-09-08,2024-09-09,2024-09-09,Delivered,4865.2,2144.71
1310,2,4,Dubai,Muscat,2024-08-14,2024-08-15,2024-08-15,Delivered,731.6,1280.21
1311,2,5,Dubai,Manama,2024-12-29,2024-12-31,,In Transit,117.2,437.24
1312,3,1,Dubai,Riyadh,2024-08-21,2024-08-23,2024-08-22,Delivered,4598.4,3514.1
1313,1,4,Dubai,Muscat,2024-07-09,2024-07-10,2024-07-10,Delivered,479.3,779.29
1314,2,5,Dubai,Manama,2024-01-15,2024-01-17,2024-01-19,Delayed,49.2,200
1315,4,9,Dubai,Nairobi,2024-01-11,2024-01-16,2024-01-14,Delivered,7374.4,6068.89
1316,5,4,Dubai,Muscat,2024-07-11,2024-07-12,2024-07-14,Delayed,2349.1,688.16
1317,8,5,Dubai,Manama,2024-11-27,2024-11-29,2024-12-02,Delayed,3084.3,1738.7
1318,5,12,Abu Dhabi,Riyadh,2024-12-30,2025-01-01,,In Transit,1023.0,781.51
1319,8,12,Abu Dhabi,Riyadh,2024-03-12,2024-03-14,2024-03-13,Delivered,3311.5,2892.34
1320,3,3,Dubai,Doha,2024-04-23,2024-04-24,2024-04-27,Delayed,3227.7,1538.02
1321,7,5,Dubai,Manama,2024-02-19,2024-02-21,2024-02-22,Delivered,111.1,347.81
1322,2,4,Dubai,Muscat,2024-06-30,2024-07-01,2024-07-01,Delivered,597.9,1013.93
1323,6,6,Dubai,Mumbai,2024-11-20,2024-11-23,2024-11-23,Delivered,7347.2,3236.85
1324,7,3,Dubai,Doha,2024-04-12,2024-04-13,2024-04-14,Delivered,333.3,918.65
1325,6,11,Dubai,Addis Ababa,2024-11-19,2024-11-24,2024-11-25,Delivered,5044.5,3609.89
1326,2,3,Dubai,Doha,2024-11-10,2024-11-11,2024-11-13,Delayed,510.5,1338.4
1327,1,15,Dubai,Mombasa,2024-06-13,2024-06-19,2024-06-20,Delivered,160.6,2967.98
1328,4,9,Dubai,Nairobi,2024-10-28,2024-11-02,2024-11-04,Delayed,2921.8,2965.24
1329,7,6,Dubai,Mumbai,2024-09-07,2024-09-10,2024-09-11,Delivered,602.6,4731.81
1330,3,12,Abu Dhabi,Riyadh,2024-01-12,2024-01-14,2024-01-17,Delayed,2572.7,1734.21
1331,1,10,Dubai,Dar es Salaam,2024-01-25,2024-01-31,2024-02-01,Delivered,95.4,1984.87
1332,7,4,Dubai,Muscat,2024-12-21,2024-12-22,2024-12-22,Delivered,247.9,467.86
1333,2,9,Dubai,Nairobi,2024-11-12,2024-11-17,2024-11-16,Delivered,233.3,4216.29
1334,8,12,Abu Dhabi,Riyadh,2024-07-28,2024-07-30,2024-07-31,Delivered,885.8,682.93
1335,2,15,Dubai,Mombasa,2024-02-26,2024-03-03,2024-03-05,Delayed,127.8,1967.07
1336,5,3,Dubai,Doha,2024-08-25,2024-08-26,2024-08-26,Delivered,589.1,255.17
1337,2,14,Dubai,Dhaka,2024-01-24,2024-01-29,2024-01-28,Delivered,683.1,12898.37
1338,2,6,Dubai,Mumbai,2024-06-24,2024-06-27,2024-06-27,Delivered,99.9,846.03
1339,7,2,Dubai,Kuwait City,2024-03-08,2024-03-10,2024-03-10,Delivered,785.4,3119.53
1340,4,13,Sharjah,Muscat,2024-07-02,2024-07-03,2024-07-01,Delivered,13007.3,1376.54
1341,6,6,Dubai,Mumbai,2024-02-02,2024-02-05,2024-02-08,Delayed,9997.1,4139.28
1342,8,5,Dubai,Manama,2024-09-24,2024-09-26,2024-09-29,Delayed,566.7,356.52
1343,1,1,Dubai,Riyadh,2024-11-25,2024-11-27,2024-11-26,Delivered,409.4,1642.79
1344,5,1,Dubai,Riyadh,2024-09-16,2024-09-18,2024-09-19,Delivered,2797.4,1940.8
1345,6,15,Dubai,Mombasa,2024-06-10,2024-06-16,2024-06-16,Delivered,14719.7,15407.59
1346,5,5,Dubai,Manama,2024-10-14,2024-10-16,2024-10-17,Delivered,3307.5,1958.43
1347,6,11,Dubai,Addis Ababa,2024-08-19,2024-08-24,2024-08-24,Delivered,1912.8,1653.29
1348,8,12,Abu Dhabi,Riyadh,2024-02-24,2024-02-26,2024-02-25,Delivered,4494.7,3408.21
1349,2,15,Dubai,Mombasa,2024-07-20,2024-07-26,2024-07-26,Delivered,371.1,7062.66
1350,2,13,Sharjah,Muscat,2024-08-18,2024-08-19,2024-08-21,Delayed,530.2,1030.72
1351,6,8,Dubai,Colombo,2024-12-20,2024-12-24,2024-12-25,Delivered,11092.2,6652.52
1352,3,3,Dubai,Doha,2024-07-22,2024-07-23,2024-07-24,Delivered,4855.4,2297.62
1353,8,12,Abu Dhabi,Riyadh,2024-10-10,2024-10-12,2024-10-12,Delivered,1084.4,854.84
1354,7,9,Dubai,Nairobi,2024-10-04,2024-10-09,2024-10-10,Delivered,571.2,10254.51
1355,5,13,Sharjah,Muscat,2024-08-04,2024-08-05,2024-08-05,Delivered,2661.4,693.84
1356,5,12,Abu Dhabi,Riyadh,2024-05-08,2024-05-10,2024-05-11,Delivered,4213.0,3384.96
1357,3,12,Abu Dhabi,Riyadh,2024-11-27,2024-11-29,2024-12-02,Delayed,2005.5,1529.17
1358,4,13,Sharjah,Muscat,2024-12-16,2024-12-17,2024-12-20,Delayed,14504.6,1193.49
1359,3,12,Abu Dhabi,Riyadh,2024-12-26,2024-12-28,2024-12-29,Delivered,3800.0,2928.39
1360,2,3,Dubai,Doha,2024-03-29,2024-03-30,2024-03-29,Delivered,308.0,813.76
1361,7,1,Dubai,Riyadh,2024-03-19,2024-03-21,2024-03-22,Delivered,481.5,2110.17
1362,2,13,Sharjah,Muscat,2024-12-28,2024-12-29,2024-12-30,Delivered,425.1,826.58
1363,8,2,Dubai,Kuwait City,2024-04-19,2024-04-21,2024-04-22,Delivered,1722.2,1033.95
1364,1,2,Dubai,Kuwait City,2024-12-08,2024-12-10,2024-12-10,Delivered,362.1,1461.75
1365,2,7,Dubai,Karachi,2024-05-11,2024-05-13,2024-05-14,Delivered,29.5,200.13
1366,3,3,Dubai,Doha,2024-09-20,2024-09-21,2024-09-20,Delivered,4746.2,2050.86
1367,3,13,Sharjah,Muscat,2024-12-16,2024-12-17,2024-12-19,Delayed,4194.8,1162.58
1368,2,12,Abu Dhabi,Riyadh,2024-12-17,2024-12-19,2024-12-19,Delivered,28.8,200
1369,3,3,Dubai,Doha,2024-07-27,2024-07-28,2024-07-30,Delayed,2310.5,1077.25
1370,2,13,Sharjah,Muscat,2024-10-26,2024-10-27,2024-10-26,Delivered,563.7,840.33
1371,6,14,Dubai,Dhaka,2024-07-21,2024-07-26,2024-07-25,Delivered,7372.8,7446.83
1372,7,5,Dubai,Manama,2024-12-12,2024-12-14,2024-12-15,Delivered,766.3,2206.97
1373,2,5,Dubai,Manama,2024-04-17,2024-04-19,2024-04-20,Delivered,177.3,671.2
1374,2,3,Dubai,Doha,2024-12-09,2024-12-10,2024-12-09,Delivered,682.6,2082.08
1375,2,4,Dubai,Muscat,2024-10-24,2024-10-25,2024-10-27,Delayed,761.7,1312.3
1376,6,15,Dubai,Mombasa,2024-06-17,2024-06-23,2024-06-26,Delayed,10555.1,9218.04
1377,3,12,Abu Dhabi,Riyadh,2024-11-24,2024-11-26,2024-11-28,Delayed,1455.7,1059.7
1378,6,7,Dubai,Karachi,2024-03-30,2024-04-01,2024-04-01,Delivered,12706.0,5277.5
1379,2,15,Dubai,Mombasa,2024-01-10,2024-01-16,2024-01-15,Delivered,652.0,11713.45
1380,6,8,Dubai,Colombo,2024-07-06,2024-07-10,2024-07-15,Delayed,3737.9,2729.08
1381,1,11,Dubai,Addis Ababa,2024-05-02,2024-05-07,2024-05-08,Delivered,550.5,8805.72
1382,7,12,Abu Dhabi,Riyadh,2024-09-04,2024-09-06,2024-09-07,Delivered,41.9,200
1383,8,4,Dubai,Muscat,2024-08-28,2024-08-29,2024-08-31,Delayed,4419.6,1219.06
1384,5,5,Dubai,Manama,2024-10-05,2024-10-07,2024-10-11,Delayed,951.9,597.47
1385,3,5,Dubai,Manama,2024-07-26,2024-07-28,2024-07-29,Delivered,4104.5,2348.21
1386,3,1,Dubai,Riyadh,2024-09-20,2024-09-22,2024-09-23,Delivered,1136.4,741.36
1387,2,8,Dubai,Colombo,2024-12-11,2024-12-15,2024-12-17,Delayed,388.4,4847.59
1388,7,11,Dubai,Addis Ababa,2024-09-19,2024-09-24,2024-09-24,Delivered,713.7,9475.64
1389,1,15,Dubai,Mombasa,2024-12-04,2024-12-10,2024-12-10,Delivered,758.3,12176.68
1390,7,13,Sharjah,Muscat,2024-10-25,2024-10-26,2024-10-26,Delivered,502.3,861.72
1391,4,7,Dubai,Karachi,2024-03-08,2024-03-10,2024-03-09,Delivered,740.2,279.47
1392,1,15,Dubai,Mombasa,2024-09-29,2024-10-05,2024-10-06,Delivered,604.4,9312.68
1393,4,9,Dubai,Nairobi,2024-08-03,2024-08-08,2024-08-11,Delayed,13185.0,12919.27
1394,2,7,Dubai,Karachi,2024-03-09,2024-03-11,2024-03-12,Delivered,386.9,2402.01
1395,1,10,Dubai,Dar es Salaam,2024-09-24,2024-09-30,2024-09-29,Delivered,420.6,7651.31
1396,5,3,Dubai,Doha,2024-10-01,2024-10-02,2024-10-05,Delayed,2866.9,1422.3
1397,7,6,Dubai,Mumbai,2024-10-13,2024-10-16,2024-10-17,Delivered,210.5,1731.07
1398,3,4,Dubai,Muscat,2024-12-24,2024-12-25,2024-12-25,Delivered,591.4,200
1399,4,11,Dubai,Addis Ababa,2024-01-03,2024-01-08,2024-01-07,Delivered,12437.2,10173.48
1400,4,15,Dubai,Mombasa,2024-07-24,2024-07-30,2024-08-01,Delayed,10818.3,10856.28
1401,5,2,Dubai,Kuwait City,2024-01-18,2024-01-20,2024-01-24,Delayed,2601.7,1764.22
1402,2,5,Dubai,Manama,2024-07-23,2024-07-25,2024-07-26,Delivered,539.0,1767.53
1403,8,3,Dubai,Doha,2024-05-21,2024-05-22,2024-05-22,Delivered,3071.2,1339.08
1404,2,9,Dubai,Nairobi,2024-05-30,2024-06-04,2024-06-05,Delivered,758.1,13769.52
1405,4,10,Dubai,Dar es Salaam,2024-09-04,2024-09-10,2024-09-11,Delivered,11483.4,13726.0
1406,2,7,Dubai,Karachi,2024-11-20,2024-11-22,2024-11-22,Delivered,544.8,3379.45
1407,3,3,Dubai,Doha,2024-02-17,2024-02-18,2024-02-20,Delayed,3401.1,1789.78
1408,5,2,Dubai,Kuwait City,2024-12-15,2024-12-17,2024-12-18,Delivered,2545.1,1482.1
1409,8,2,Dubai,Kuwait City,2024-02-24,2024-02-26,2024-02-25,Delivered,4608.9,3105.27
1410,6,11,Dubai,Addis Ababa,2024-11-13,2024-11-18,2024-11-22,Delayed,7638.9,7219.73
1411,5,4,Dubai,Muscat,2024-04-23,2024-04-24,2024-04-28,Delayed,728.4,234.89
1412,7,8,Dubai,Colombo,2024-03-02,2024-03-06,2024-03-07,Delivered,259.4,2686.91
1413,7,9,Dubai,Nairobi,2024-05-14,2024-05-19,2024-05-19,Delivered,222.8,4219.91
1414,8,13,Sharjah,Muscat,2024-07-24,2024-07-25,2024-07-26,Delivered,2308.6,716.85
1415,4,14,Dubai,Dhaka,2024-07-14,2024-07-19,2024-07-20,Delivered,2614.7,2974.86
1416,8,13,Sharjah,Muscat,2024-09-06,2024-09-07,2024-09-08,Delivered,1329.8,447.74
1417,2,8,Dubai,Colombo,2024-06-20,2024-06-24,2024-06-25,Delivered,295.2,3651.62
1418,3,5,Dubai,Manama,2024-10-21,2024-10-23,2024-10-26,Delayed,955.2,621.32
1419,4,10,Dubai,Dar es Salaam,2024-05-26,2024-06-01,2024-06-06,Delayed,9659.8,9062.12
1420,2,2,Dubai,Kuwait City,2024-03-23,2024-03-25,2024-03-26,Delivered,190.3,647.44
1421,8,12,Abu Dhabi,Riyadh,2024-10-27,2024-10-29,2024-11-01,Delayed,4831.1,3576.9
1422,2,4,Dubai,Muscat,2024-03-26,2024-03-27,2024-03-29,Delayed,91.4,200
1423,2,2,Dubai,Kuwait City,2024-05-14,2024-05-16,2024-05-16,Delivered,76.6,311.46
1424,7,1,Dubai,Riyadh,2024-01-18,2024-01-20,2024-01-21,Delivered,689.7,2646.81
1425,7,10,Dubai,Dar es Salaam,2024-11-01,2024-11-07,2024-11-08,Delivered,508.5,10002.34
1426,3,13,Sharjah,Muscat,2024-02-15,2024-02-16,2024-02-18,Delayed,1608.6,476.13
1427,5,4,Dubai,Muscat,2024-09-30,2024-10-01,2024-10-01,Delivered,3470.1,1107.74
1428,1,9,Dubai,Nairobi,2024-07-10,2024-07-15,2024-07-14,Delivered,335.3,5684.16
1429,5,1,Dubai,Riyadh,2024-08-04,2024-08-06,2024-08-07,Delivered,2631.4,2065.1
1430,5,4,Dubai,Muscat,2024-04-06,2024-04-07,2024-04-07,Delivered,993.8,297.94
1431,1,3,Dubai,Doha,2024-01-26,2024-01-27,2024-01-28,Delivered,27.5,200
1432,1,8,Dubai,Colombo,2024-04-21,2024-04-25,2024-04-25,Delivered,342.0,4511.48
1433,7,1,Dubai,Riyadh,2024-05-16,2024-05-18,2024-05-19,Delivered,66.4,266.51
1434,3,4,Dubai,Muscat,2024-08-14,2024-08-15,2024-08-15,Delivered,3714.3,1022.24
1435,5,3,Dubai,Doha,2024-03-22,2024-03-23,2024-03-23,Delivered,3749.2,1826.38
1436,3,1,Dubai,Riyadh,2024-04-30,2024-05-02,2024-05-04,Delayed,1690.1,1095.44
1437,6,8,Dubai,Colombo,2024-07-09,2024-07-13,2024-07-13,Delivered,4106.5,2771.82
1438,8,12,Abu Dhabi,Riyadh,2024-03-19,2024-03-21,2024-03-24,Delayed,3978.2,2684.05
1439,6,9,Dubai,Nairobi,2024-01-11,2024-01-16,2024-01-21,Delayed,5693.4,4689.3
1440,3,5,Dubai,Manama,2024-04-05,2024-04-07,2024-04-10,Delayed,1803.6,1157.61
1441,7,8,Dubai,Colombo,2024-05-31,2024-06-04,2024-06-05,Delivered,437.9,5247.19
1442,8,13,Sharjah,Muscat,2024-11-13,2024-11-14,2024-11-14,Delivered,1671.4,441.55
1443,7,10,Dubai,Dar es Salaam,2024-05-24,2024-05-30,2024-05-31,Delivered,333.7,5970.19
1444,1,4,Dubai,Muscat,2024-02-24,2024-02-25,2024-02-25,Delivered,161.4,249.72
1445,1,6,Dubai,Mumbai,2024-04-23,2024-04-26,2024-04-27,Delivered,577.1,4302.15
1446,1,6,Dubai,Mumbai,2024-10-12,2024-10-15,2024-10-16,Delivered,751.2,6392.62
1447,2,14,Dubai,Dhaka,2024-06-04,2024-06-09,2024-06-08,Delivered,756.2,15492.4
1448,3,5,Dubai,Manama,2024-11-16,2024-11-18,2024-11-18,Delivered,2836.3,1731.46
1449,4,15,Dubai,Mombasa,2024-02-23,2024-02-29,2024-02-29,Delivered,11990.7,11866.18
1450,8,5,Dubai,Manama,2024-06-15,2024-06-17,2024-06-18,Delivered,2120.5,1323.16
1451,5,3,Dubai,Doha,2024-08-19,2024-08-20,2024-08-23,Delayed,4803.1,1959.8
1452,1,5,Dubai,Manama,2024-04-23,2024-04-25,2024-04-24,Delivered,686.0,1983.04
1453,7,2,Dubai,Kuwait City,2024-01-20,2024-01-22,2024-01-23,Delivered,291.0,933.96
1454,4,10,Dubai,Dar es Salaam,2024-04-21,2024-04-27,2024-04-26,Delivered,10991.9,12555.66
1455,5,1,Dubai,Riyadh,2024-10-22,2024-10-24,2024-10-27,Delayed,484.5,302.37
1456,3,12,Abu Dhabi,Riyadh,2024-11-30,2024-12-02,2024-12-05,Delayed,4650.4,3676.26
1457,8,5,Dubai,Manama,2024-12-23,2024-12-25,2024-12-25,Delivered,850.7,537.01
1458,4,5,Dubai,Manama,2024-07-20,2024-07-22,2024-07-22,Delivered,2416.7,396.38
1459,7,13,Sharjah,Muscat,2024-03-10,2024-03-11,2024-03-12,Delivered,451.8,769.76
1460,2,5,Dubai,Manama,2024-08-08,2024-08-10,2024-08-11,Delivered,550.9,1901.69
1461,1,13,Sharjah,Muscat,2024-06-05,2024-06-06,2024-06-05,Delivered,790.2,1398.35
1462,3,12,Abu Dhabi,Riyadh,2024-07-10,2024-07-12,2024-07-12,Delivered,3812.9,3204.48
1463,5,1,Dubai,Riyadh,2024-06-24,2024-06-26,2024-06-26,Delivered,1595.1,1138.55
1464,6,8,Dubai,Colombo,2024-12-21,2024-12-25,2024-12-24,Delivered,5960.8,4513.66
1465,5,1,Dubai,Riyadh,2024-08-26,2024-08-28,2024-08-28,Delivered,426.3,321.7
1466,4,4,Dubai,Muscat,2024-07-13,2024-07-14,2024-07-13,Delivered,13606.1,1354.35
1467,1,1,Dubai,Riyadh,2024-05-06,2024-05-08,2024-05-09,Delivered,250.9,1013.08
1468,5,13,Sharjah,Muscat,2024-02-01,2024-02-02,2024-02-04,Delayed,4405.5,1496.13
1469,4,11,Dubai,Addis Ababa,2024-03-11,2024-03-16,2024-03-15,Delivered,11083.4,9200.64
1470,4,5,Dubai,Manama,2024-11-05,2024-11-07,2024-11-10,Delayed,7013.0,1169.68
1471,7,7,Dubai,Karachi,2024-03-15,2024-03-17,2024-03-17,Delivered,260.8,1790.68
1472,8,4,Dubai,Muscat,2024-07-29,2024-07-30,2024-07-31,Delivered,2270.7,821.18
1473,7,1,Dubai,Riyadh,2024-11-09,2024-11-11,2024-11-12,Delivered,488.4,2044.7
1474,7,9,Dubai,Nairobi,2024-11-05,2024-11-10,2024-11-11,Delivered,572.5,9171.69
1475,1,15,Dubai,Mombasa,2024-05-18,2024-05-24,2024-05-24,Delivered,185.8,3428.4
1476,6,11,Dubai,Addis Ababa,2024-08-22,2024-08-27,2024-08-29,Delayed,6699.6,5985.18
1477,1,9,Dubai,Nairobi,2024-02-25,2024-03-01,2024-03-01,Delivered,371.0,6877.21
1478,4,9,Dubai,Nairobi,2024-11-18,2024-11-23,2024-11-21,Delivered,3252.8,2954.28
1479,1,12,Abu Dhabi,Riyadh,2024-09-21,2024-09-23,2024-09-22,Delivered,376.2,1678.75
1480,7,7,Dubai,Karachi,2024-07-30,2024-08-01,2024-08-02,Delivered,366.2,2233.72
1481,7,12,Abu Dhabi,Riyadh,2024-03-04,2024-03-06,2024-03-06,Delivered,100.2,421.85
1482,7,7,Dubai,Karachi,2024-10-08,2024-10-10,2024-10-11,Delivered,44.7,271.93
1483,1,7,Dubai,Karachi,2024-06-06,2024-06-08,2024-06-08,Delivered,586.8,4508.65
1484,5,1,Dubai,Riyadh,2024-08-22,2024-08-24,2024-08-27,Delayed,4291.5,3130.2
1485,4,8,Dubai,Colombo,2024-02-10,2024-02-14,2024-02-12,Delivered,4048.3,2771.41
1486,8,1,Dubai,Riyadh,2024-03-15,2024-03-17,2024-03-16,Delivered,3368.3,2671.1
1487,5,5,Dubai,Manama,2024-12-04,2024-12-06,2024-12-10,Delayed,2904.2,1775.02
1488,8,3,Dubai,Doha,2024-07-13,2024-07-14,2024-07-13,Delivered,3816.4,2020.54
1489,4,9,Dubai,Nairobi,2024-04-17,2024-04-22,2024-04-23,Delivered,9374.8,7655.29
1490,5,4,Dubai,Muscat,2024-11-07,2024-11-08,2024-11-10,Delayed,1372.3,449.04
1491,6,15,Dubai,Mombasa,2024-04-02,2024-04-08,2024-04-10,Delayed,10774.5,12015.54
1492,4,7,Dubai,Karachi,2024-01-24,2024-01-26,2024-01-29,Delayed,5569.9,2280.48
1493,5,5,Dubai,Manama,2024-10-08,2024-10-10,2024-10-12,Delayed,3858.5,2046.9
1494,3,3,Dubai,Doha,2024-06-22,2024-06-23,2024-06-25,Delayed,4589.2,2399.26
1495,8,4,Dubai,Muscat,2024-07-30,2024-07-31,2024-07-30,Delivered,4192.0,1260.69
1496,8,1,Dubai,Riyadh,2024-03-17,2024-03-19,2024-03-20,Delivered,4219.6,2891.51
1497,2,14,Dubai,Dhaka,2024-06-06,2024-06-11,2024-06-12,Delivered,570.8,9570.08
1498,5,2,Dubai,Kuwait City,2024-02-27,2024-02-29,2024-03-02,Delayed,3946.2,2736.04
1499,3,3,Dubai,Doha,2024-09-04,2024-09-05,2024-09-08,Delayed,1620.8,737.69
1500,3,12,Abu Dhabi,Riyadh,2024-01-19,2024-01-21,2024-01-23,Delayed,1999.2,1685.68
